ID Amministrazione; Tipo Amministrazione; Amministrazione;Anno_atto;Numero_atto;Tipo_atto;ID Concessione;Numero_rata;Anno_rata;Importo_canone_richiesto;Importo_canone_versato;Importo_quota_reg_richiesta;Importo_quota_reg_versata;Importo_indennizzi_richiesti;Importo_indennizzi_versati;Descrizione
410;Comune;RIMINI;1982;280;F;1982Q000109;1;2017;58503.19;0;0;0;0;0;Non versata
410;Comune;RIMINI;1996;514;L;1996D004239;1;2017;4561.97;0;0;0;0;0;Non versata
410;Comune;RIMINI;1996;514;L;1996D004239;2;2017;372.22;0;0;0;0;0;Non versata
410;Comune;RIMINI;1997;976;L;1996V004240;1;2017;5247.32;0;0;0;0;0;Non versata
410;Comune;RIMINI;1997;976;L;1996V004240;2;2017;867.62;0;0;0;0;0;Non versata
410;Comune;RIMINI;1996;166;L;1996W004250;1;2017;349.3;0;0;0;0;0;Non versata
410;Comune;RIMINI;1997;962;L;1997E004509;1;2017;7224.03;0;0;0;0;0;Non versata
410;Comune;RIMINI;1997;962;L;1997E004509;2;2017;1225.53;0;0;0;0;0;Non versata
410;Comune;RIMINI;1997;178;L;1997F004519;1;2017;2720.27;0;0;0;0;0;Non versata
410;Comune;RIMINI;1997;317;L;1997W004510;1;2017;593.72;0;0;0;0;0;Non versata
410;Comune;RIMINI;1997;166;L;1997X004511;1;2017;5838.3;0;0;0;0;0;Non versata
410;Comune;RIMINI;1997;166;L;1997X004511;2;2017;633.02;0;0;0;0;0;Non versata
410;Comune;RIMINI;1997;208;L;1997Y004503;1;2017;7124.43;0;0;0;0;0;Non versata
410;Comune;RIMINI;1997;208;L;1997Y004503;2;2017;761.4;0;0;0;0;0;Non versata
410;Comune;RIMINI;1997;24;L;1997Y004530;1;2017;349.3;0;0;0;0;0;Non versata
410;Comune;RIMINI;1998;89;L;1998C000582;1;2017;349.3;0;0;0;0;0;Non versata
410;Comune;RIMINI;1998;81;L;1998C000591;1;2017;130606.04;0;0;0;0;0;Non versata
410;Comune;RIMINI;1998;114;L;1998F000558;1;2017;6716.35;0;0;0;0;0;Non versata
410;Comune;RIMINI;1998;114;L;1998F000558;2;2017;949.53;0;0;0;0;0;Non versata
410;Comune;RIMINI;1998;120;L;1998F000585;1;2017;656.18;0;0;0;0;0;Non versata
410;Comune;RIMINI;1998;120;L;1998F000585;2;2017;3570.23;0;0;0;0;0;Non versata
410;Comune;RIMINI;1998;163;L;1998G000559;1;2017;453;0;0;0;0;0;Non versata
410;Comune;RIMINI;1998;57;L;1998G000595;1;2017;349.3;0;0;0;0;0;Non versata
410;Comune;RIMINI;1998;113;L;1998Z000561;1;2017;3753.72;0;0;0;0;0;Non versata
410;Comune;RIMINI;1998;113;L;1998Z000561;2;2017;727.97;0;0;0;0;0;Non versata
410;Comune;RIMINI;1999;420;L;1999A001047;1;2017;349.3;0;0;0;0;0;Non versata
410;Comune;RIMINI;1999;131;L;1999B001075;1;2017;491.65;491.65;0;0;0;0;Versata
410;Comune;RIMINI;1999;201;L;1999F001079;1;2017;945.98;0;0;0;0;0;Non versata
410;Comune;RIMINI;1999;435;L;1999W001052;1;2017;404.29;0;0;0;0;0;Non versata
410;Comune;RIMINI;1999;230;L;1999W001115;1;2017;5998.84;0;0;0;0;0;Non versata
410;Comune;RIMINI;2009;36;L;1999W001133;1;2017;1202.1;0;0;0;0;0;Non versata
410;Comune;RIMINI;1999;153;L;1999Z001046;1;2017;522.88;0;0;0;0;0;Non versata
410;Comune;RIMINI;1999;155;L;1999Z001064;1;2017;820.4;0;0;0;0;0;Non versata
410;Comune;RIMINI;2000;29;L;2000A001641;1;2017;349.3;0;0;0;0;0;Non versata
410;Comune;RIMINI;2000;31;L;2000B001642;1;2017;1296.62;0;0;0;0;0;Non versata
410;Comune;RIMINI;2000;9;L;2000C001616;1;2017;5674.4;0;0;0;0;0;Non versata
410;Comune;RIMINI;2000;32;L;2000C001643;1;2017;4819.43;0;0;0;0;0;Non versata
410;Comune;RIMINI;2000;28;L;2000D001644;1;2017;3733.99;0;0;0;0;0;Non versata
410;Comune;RIMINI;2000;27;L;2000G001656;1;2017;468.44;0;0;0;0;0;Non versata
410;Comune;RIMINI;2000;286;F;2000H001648;1;2017;31477.26;0;0;0;0;0;Non versata
410;Comune;RIMINI;2000;2;L;2000W001610;1;2017;6383.3;0;0;0;0;0;Non versata
410;Comune;RIMINI;2000;2;L;2000W001610;2;2017;924.21;0;0;0;0;0;Non versata
410;Comune;RIMINI;2000;83;L;2000X001620;1;2017;2535.88;0;0;0;0;0;Non versata
410;Comune;RIMINI;2000;7;L;2000Y001612;1;2017;6384.22;0;0;0;0;0;Non versata
410;Comune;RIMINI;2000;224;L;2000Y001621;1;2017;8349.55;0;0;0;0;0;Non versata
410;Comune;RIMINI;2000;224;L;2000Y001621;2;2017;1126.19;0;0;0;0;0;Non versata
410;Comune;RIMINI;2001;289;F;2001B002343;1;2017;333653.93;0;0;0;0;0;Non versata
410;Comune;RIMINI;2002;5;L;2002I002646;1;2017;19676.16;0;0;0;0;0;Non versata
410;Comune;RIMINI;2002;1;L;2002J002629;1;2017;349.3;349.3;0;0;0;0;Versata
410;Comune;RIMINI;2002;1;L;2002J002629;2;2017;997.01;0;0;0;0;0;Non versata
410;Comune;RIMINI;2003;130;L;2003A002043;1;2017;429.35;429.35;0;0;0;0;Versata
410;Comune;RIMINI;2003;79;L;2003B002017;1;2017;6475.19;0;0;0;0;0;Non versata
410;Comune;RIMINI;2003;79;L;2003B002017;2;2017;486.29;0;0;0;0;0;Non versata
410;Comune;RIMINI;2003;129;L;2003B002044;1;2017;349.3;349.3;0;0;0;0;Versata
410;Comune;RIMINI;2003;38;L;2003B002062;1;2017;6895.25;0;0;0;0;0;Non versata
410;Comune;RIMINI;2003;38;L;2003B002062;2;2017;480.48;0;0;0;0;0;Non versata
410;Comune;RIMINI;2003;176;L;2003C002018;1;2017;524.29;524.29;0;0;0;0;Versata
410;Comune;RIMINI;2003;98;L;2003C002063;1;2017;4993.31;0;0;0;0;0;Non versata
410;Comune;RIMINI;2003;98;L;2003C002063;2;2017;1144.5;0;0;0;0;0;Non versata
410;Comune;RIMINI;2003;168;L;2003D002019;1;2017;64702.72;0;0;0;0;0;Non versata
410;Comune;RIMINI;2003;67;L;2003D002028;1;2017;5098.59;0;0;0;0;0;Non versata
410;Comune;RIMINI;2003;17;L;2003D002037;1;2017;11298.05;0;0;0;0;0;Non versata
410;Comune;RIMINI;2003;70;L;2003D002064;1;2017;6743.72;0;0;0;0;0;Non versata
410;Comune;RIMINI;2003;70;L;2003D002064;2;2017;1702.44;0;0;0;0;0;Non versata
410;Comune;RIMINI;2003;55;L;2003F001940;1;2017;8868.61;0;0;0;0;0;Non versata
410;Comune;RIMINI;2003;55;L;2003F001940;2;2017;1232.21;0;0;0;0;0;Non versata
410;Comune;RIMINI;2003;101;L;2003G001941;1;2017;7864.65;7864.65;0;0;0;0;Versata
410;Comune;RIMINI;2003;101;L;2003G001941;2;2017;1167.99;0;0;0;0;0;Non versata
410;Comune;RIMINI;2003;175;L;2003G001950;1;2017;549.46;549.46;0;0;0;0;Versata
410;Comune;RIMINI;2003;54;L;2003H001870;1;2017;10006.62;0;0;0;0;0;Non versata
410;Comune;RIMINI;2003;54;L;2003H001870;2;2017;1354.16;0;0;0;0;0;Non versata
410;Comune;RIMINI;2003;100;L;2003H001906;1;2017;5695.07;0;0;0;0;0;Non versata
410;Comune;RIMINI;2003;100;L;2003H001906;2;2017;1244.19;0;0;0;0;0;Non versata
410;Comune;RIMINI;2003;48;L;2003H001942;1;2017;8949.64;0;0;0;0;0;Non versata
410;Comune;RIMINI;2003;48;L;2003H001942;2;2017;1265.18;0;0;0;0;0;Non versata
410;Comune;RIMINI;2003;143;L;2003H001960;1;2017;5038.84;0;0;0;0;0;Non versata
410;Comune;RIMINI;2003;20;L;2003H002059;1;2017;464.39;464.39;0;0;0;0;Versata
410;Comune;RIMINI;2003;53;L;2003I001871;1;2017;6803.7;0;0;0;0;0;Non versata
410;Comune;RIMINI;2003;53;L;2003I001871;2;2017;1162.16;0;0;0;0;0;Non versata
410;Comune;RIMINI;2003;92;L;2003I001880;1;2017;8287.93;0;0;0;0;0;Non versata
410;Comune;RIMINI;2003;92;L;2003I001880;2;2017;1975.02;0;0;0;0;0;Non versata
410;Comune;RIMINI;2003;88;L;2003I001907;1;2017;5484.07;0;0;0;0;0;Non versata
410;Comune;RIMINI;2003;88;L;2003I001907;2;2017;1194.2;0;0;0;0;0;Non versata
410;Comune;RIMINI;2003;174;L;2003I001943;1;2017;8369.8;0;0;0;0;0;Non versata
410;Comune;RIMINI;2003;174;L;2003I001943;2;2017;1218.69;0;0;0;0;0;Non versata
410;Comune;RIMINI;2003;52;L;2003I001970;1;2017;6143.67;0;0;0;0;0;Non versata
410;Comune;RIMINI;2003;52;L;2003I001970;2;2017;886.66;0;0;0;0;0;Non versata
410;Comune;RIMINI;2003;110;L;2003J001872;1;2017;5667.65;0;0;0;0;0;Non versata
410;Comune;RIMINI;2003;110;L;2003J001872;2;2017;959.18;0;0;0;0;0;Non versata
410;Comune;RIMINI;2003;51;L;2003J001881;1;2017;6603.67;0;0;0;0;0;Non versata
410;Comune;RIMINI;2003;171;L;2003J001890;1;2017;349.43;349.43;0;0;0;0;Versata
410;Comune;RIMINI;2003;84;L;2003J001908;1;2017;10859.62;0;0;0;0;0;Non versata
410;Comune;RIMINI;2003;84;L;2003J001908;2;2017;1747.14;0;0;0;0;0;Non versata
410;Comune;RIMINI;2003;102;L;2003J001917;1;2017;6739.89;0;0;0;0;0;Non versata
410;Comune;RIMINI;2003;102;L;2003J001917;2;2017;1257.34;0;0;0;0;0;Non versata
410;Comune;RIMINI;2003;103;L;2003J001944;1;2017;6654.74;0;0;0;0;0;Non versata
410;Comune;RIMINI;2003;103;L;2003J001944;2;2017;1240.25;0;0;0;0;0;Non versata
410;Comune;RIMINI;2003;169;L;2003K001882;1;2017;349.3;349.3;0;0;0;0;Versata
410;Comune;RIMINI;2003;172;L;2003K001936;1;2017;654.12;654.12;0;0;0;0;Versata
410;Comune;RIMINI;2003;99;L;2003K001945;1;2017;5671.02;0;0;0;0;0;Non versata
410;Comune;RIMINI;2003;99;L;2003K001945;2;2017;898.3;0;0;0;0;0;Non versata
410;Comune;RIMINI;2003;135;L;2003K001954;1;2017;1122.76;0;0;0;0;0;Non versata
410;Comune;RIMINI;2003;141;L;2003K001963;1;2017;7975.63;0;0;0;0;0;Non versata
410;Comune;RIMINI;2003;141;L;2003K001963;2;2017;936.42;0;0;0;0;0;Non versata
410;Comune;RIMINI;2003;75;L;2003L001883;1;2017;2981.11;0;0;0;0;0;Non versata
410;Comune;RIMINI;2003;75;L;2003L001883;2;2017;405.13;0;0;0;0;0;Non versata
410;Comune;RIMINI;2003;167;L;2003L001937;1;2017;386.27;386.27;0;0;0;0;Versata
410;Comune;RIMINI;2003;56;L;2003L001946;1;2017;8075;0;0;0;0;0;Non versata
410;Comune;RIMINI;2003;56;L;2003L001946;2;2017;1143.13;0;0;0;0;0;Non versata
410;Comune;RIMINI;2003;39;L;2003L001955;1;2017;3667.52;0;0;0;0;0;Non versata
410;Comune;RIMINI;2003;39;L;2003L001955;2;2017;354.49;0;0;0;0;0;Non versata
410;Comune;RIMINI;2003;142;L;2003L001964;1;2017;7818.64;0;0;0;0;0;Non versata
410;Comune;RIMINI;2003;142;L;2003L001964;2;2017;827.65;0;0;0;0;0;Non versata
410;Comune;RIMINI;2003;40;L;2003M001875;1;2017;10266.75;0;0;0;0;0;Non versata
410;Comune;RIMINI;2003;40;L;2003M001875;2;2017;1174.79;0;0;0;0;0;Non versata
410;Comune;RIMINI;2003;131;L;2003M001884;1;2017;349.3;349.3;0;0;0;0;Versata
410;Comune;RIMINI;2003;50;L;2003M001947;1;2017;5520.3;0;0;0;0;0;Non versata
410;Comune;RIMINI;2003;50;L;2003M001947;2;2017;1200.03;0;0;0;0;0;Non versata
410;Comune;RIMINI;2003;91;L;2003M001956;1;2017;6906.68;0;0;0;0;0;Non versata
410;Comune;RIMINI;2003;91;L;2003M001956;2;2017;949.28;0;0;0;0;0;Non versata
410;Comune;RIMINI;2003;111;L;2003M001965;1;2017;5908.61;0;0;0;0;0;Non versata
410;Comune;RIMINI;2003;111;L;2003M001965;2;2017;1049.74;0;0;0;0;0;Non versata
410;Comune;RIMINI;2003;87;L;2003N001885;1;2017;6243.71;0;0;0;0;0;Non versata
410;Comune;RIMINI;2003;87;L;2003N001885;2;2017;1455.54;0;0;0;0;0;Non versata
410;Comune;RIMINI;2003;49;L;2003N001894;1;2017;10426.27;0;0;0;0;0;Non versata
410;Comune;RIMINI;2003;49;L;2003N001894;2;2017;2275.69;0;0;0;0;0;Non versata
410;Comune;RIMINI;2003;46;L;2003N001939;1;2017;8788.44;0;0;0;0;0;Non versata
410;Comune;RIMINI;2003;46;L;2003N001939;2;2017;1248.07;0;0;0;0;0;Non versata
410;Comune;RIMINI;2003;36;L;2003N001948;1;2017;5568.77;0;0;0;0;0;Non versata
410;Comune;RIMINI;2003;36;L;2003N001948;2;2017;1237.12;0;0;0;0;0;Non versata
410;Comune;RIMINI;2003;86;L;2003N001957;1;2017;8262.02;0;0;0;0;0;Non versata
410;Comune;RIMINI;2003;86;L;2003N001957;2;2017;1105.89;0;0;0;0;0;Non versata
410;Comune;RIMINI;2003;57;L;2003N001966;1;2017;7732.13;0;0;0;0;0;Non versata
410;Comune;RIMINI;2003;57;L;2003N001966;2;2017;1029.54;0;0;0;0;0;Non versata
410;Comune;RIMINI;2003;90;L;2003O001886;1;2017;7364.95;0;0;0;0;0;Non versata
410;Comune;RIMINI;2003;90;L;2003O001886;2;2017;1849.68;0;0;0;0;0;Non versata
410;Comune;RIMINI;2003;170;L;2003O001949;1;2017;349.3;0;0;0;0;0;Non versata
410;Comune;RIMINI;2003;37;L;2003O001967;1;2017;6266.47;0;0;0;700.7;0;Non versata
410;Comune;RIMINI;2003;37;L;2003O001967;2;2017;1679.28;0;0;0;0;0;Non versata
410;Comune;RIMINI;2003;60;L;2003P001896;1;2017;6239.48;0;0;0;0;0;Non versata
410;Comune;RIMINI;2003;144;L;2003P001959;1;2017;8263.31;0;0;0;0;0;Non versata
410;Comune;RIMINI;2003;144;L;2003P001959;2;2017;504.42;0;0;0;0;0;Non versata
410;Comune;RIMINI;2003;47;L;2003P001977;1;2017;6627.51;0;0;0;0;0;Non versata
410;Comune;RIMINI;2003;47;L;2003P001977;2;2017;1504.06;0;0;0;0;0;Non versata
410;Comune;RIMINI;2003;41;L;2003R001997;1;2017;11518.2;0;0;0;0;0;Non versata
410;Comune;RIMINI;2003;59;L;2003S001899;1;2017;9088.9;0;0;0;0;0;Non versata
410;Comune;RIMINI;2003;59;L;2003S001899;2;2017;1519.25;0;0;0;0;0;Non versata
410;Comune;RIMINI;2003;69;L;2003S001998;1;2017;8062.07;0;0;0;0;0;Non versata
410;Comune;RIMINI;2003;78;L;2003V002020;1;2017;7848.6;0;0;0;0;0;Non versata
410;Comune;RIMINI;2003;95;L;2003W002003;1;2017;349.3;0;0;0;0;0;Non versata
410;Comune;RIMINI;2003;76;L;2003W002021;1;2017;1821;0;0;0;0;0;Non versata
410;Comune;RIMINI;2003;42;L;2003X002031;1;2017;4729.72;0;0;0;0;0;Non versata
410;Comune;RIMINI;2003;136;L;2003Y002005;1;2017;1384.93;1384.93;0;0;0;0;Versata
410;Comune;RIMINI;2003;136;L;2003Y002005;2;2017;5428.78;0;0;0;0;0;Non versata
410;Comune;RIMINI;2003;151;L;2003Y002041;1;2017;349.3;0;0;0;0;0;Non versata
410;Comune;RIMINI;2003;146;L;2003Z002024;1;2017;349.3;0;0;0;0;0;Non versata
410;Comune;RIMINI;2004;490;L;2004A002024;1;2017;0;0;0;0;0;0;Versata
410;Comune;RIMINI;2004;100;L;2004A002042;1;2017;5126.9;0;0;0;0;0;Non versata
410;Comune;RIMINI;2004;521;L;2004A002051;1;2017;6804.8;0;0;0;0;0;Non versata
410;Comune;RIMINI;2004;521;L;2004A002051;2;2017;429.47;0;0;0;0;0;Non versata
410;Comune;RIMINI;2004;31;L;2004A002060;1;2017;466.71;0;0;0;0;0;Non versata
410;Comune;RIMINI;2004;17;L;2004A002123;1;2017;10492.35;0;0;0;0;0;Non versata
410;Comune;RIMINI;2004;17;L;2004A002123;2;2017;1045.75;0;0;0;0;0;Non versata
410;Comune;RIMINI;2004;32;L;2004A002141;1;2017;574.76;0;0;0;0;0;Non versata
410;Comune;RIMINI;2004;395;L;2004A002231;1;2017;4816.62;0;0;0;0;0;Non versata
410;Comune;RIMINI;2004;8;L;2004A002240;1;2017;349.3;0;0;0;0;0;Non versata
410;Comune;RIMINI;2004;268;L;2004A002312;1;2017;12300.71;0;0;0;0;0;Non versata
410;Comune;RIMINI;2004;69;L;2004A002411;1;2017;3439.24;0;0;0;0;0;Non versata
410;Comune;RIMINI;2004;69;L;2004A002411;2;2017;1409.1;0;0;0;0;0;Non versata
410;Comune;RIMINI;2004;339;L;2004B002070;1;2017;5952.08;0;0;0;0;0;Non versata
410;Comune;RIMINI;2004;339;L;2004B002070;2;2017;1047.65;0;0;0;0;0;Non versata
410;Comune;RIMINI;2004;338;L;2004B002124;1;2017;10693.4;0;0;0;0;0;Non versata
410;Comune;RIMINI;2004;338;L;2004B002124;2;2017;1037.9;0;0;0;0;0;Non versata
410;Comune;RIMINI;2004;448;L;2004B002142;1;2017;2355.25;0;0;0;0;0;Non versata
410;Comune;RIMINI;2004;562;L;2004B002223;1;2017;6315.67;0;0;0;0;0;Non versata
410;Comune;RIMINI;2004;562;L;2004B002223;2;2017;1062.97;0;0;0;0;0;Non versata
410;Comune;RIMINI;2004;309;L;2004B002250;1;2017;349.3;0;0;0;0;0;Non versata
410;Comune;RIMINI;2004;72;L;2004B002313;1;2017;5365.72;0;0;0;0;0;Non versata
410;Comune;RIMINI;2004;72;L;2004B002313;2;2017;1311.62;0;0;0;0;0;Non versata
410;Comune;RIMINI;2004;246;L;2004B002331;1;2017;78675.08;0;0;0;0;0;Non versata
410;Comune;RIMINI;2004;485;L;2004B002412;1;2017;5497.1;0;0;0;0;0;Non versata
410;Comune;RIMINI;2004;485;L;2004B002412;2;2017;2243.26;0;0;0;0;0;Non versata
410;Comune;RIMINI;2004;563;L;2004C002035;1;2017;6332.44;0;0;0;0;0;Non versata
410;Comune;RIMINI;2004;563;L;2004C002035;2;2017;1018.91;0;0;0;0;0;Non versata
410;Comune;RIMINI;2004;549;L;2004C002044;1;2017;7897.44;0;0;0;0;0;Non versata
410;Comune;RIMINI;2004;549;L;2004C002044;2;2017;574.69;0;0;0;0;0;Non versata
410;Comune;RIMINI;2004;334;L;2004C002053;1;2017;8775.77;0;0;0;0;0;Non versata
410;Comune;RIMINI;2004;334;L;2004C002053;2;2017;1166.68;0;0;0;0;0;Non versata
410;Comune;RIMINI;2004;61;L;2004C002062;1;2017;8774.08;0;0;0;0;0;Non versata
410;Comune;RIMINI;2004;61;L;2004C002062;2;2017;1119.27;0;0;0;0;0;Non versata
410;Comune;RIMINI;2004;514;L;2004C002080;1;2017;4331.82;0;0;0;700.7;0;Non versata
410;Comune;RIMINI;2004;514;L;2004C002080;2;2017;930.54;0;0;0;0;0;Non versata
410;Comune;RIMINI;2004;111;L;2004C002125;1;2017;497.09;497.09;0;0;0;0;Versata
410;Comune;RIMINI;2004;60;L;2004C002170;1;2017;13992.9;0;0;0;0;0;Non versata
410;Comune;RIMINI;2004;71;L;2004C002260;1;2017;1534.55;0;0;0;0;0;Non versata
410;Comune;RIMINI;2004;71;L;2004C002260;2;2017;1153.11;0;0;0;0;0;Non versata
410;Comune;RIMINI;2004;290;L;2004C002413;1;2017;349.3;0;0;0;0;0;Non versata
410;Comune;RIMINI;2003;13;L;2004D002027;1;2017;6618.97;0;0;0;0;0;Non versata
410;Comune;RIMINI;2003;13;L;2004D002027;2;2017;1574.32;0;0;0;0;0;Non versata
410;Comune;RIMINI;2004;89;L;2004D002036;1;2017;7811.89;0;0;0;0;0;Non versata
410;Comune;RIMINI;2004;89;L;2004D002036;2;2017;1921.09;0;0;0;0;0;Non versata
410;Comune;RIMINI;2004;115;L;2004D002045;1;2017;9769.79;9769.79;0;0;0;0;Versata
410;Comune;RIMINI;2004;120;L;2004D002054;1;2017;9234.94;0;0;0;0;0;Non versata
410;Comune;RIMINI;2004;120;L;2004D002054;2;2017;1410.46;0;0;0;0;0;Non versata
410;Comune;RIMINI;2004;515;L;2004D002081;1;2017;5361.68;0;0;0;0;0;Non versata
410;Comune;RIMINI;2004;515;L;2004D002081;2;2017;1196.41;0;0;0;0;0;Non versata
410;Comune;RIMINI;2004;523;L;2004D002171;1;2017;9059.79;0;0;0;0;0;Non versata
410;Comune;RIMINI;2004;523;L;2004D002171;2;2017;1551.53;0;0;0;0;0;Non versata
410;Comune;RIMINI;2004;482;L;2004D002243;1;2017;5846.28;0;0;0;0;0;Non versata
410;Comune;RIMINI;2004;482;L;2004D002243;2;2017;2270.04;0;0;0;0;0;Non versata
410;Comune;RIMINI;2004;70;L;2004D002261;1;2017;591.61;0;0;0;0;0;Non versata
410;Comune;RIMINI;2004;553;L;2004D002333;1;2017;6461.69;0;0;0;0;0;Non versata
410;Comune;RIMINI;2004;553;L;2004D002333;2;2017;2886.57;0;0;0;0;0;Non versata
410;Comune;RIMINI;2004;260;L;2004D002351;1;2017;349.3;0;0;0;0;0;Non versata
410;Comune;RIMINI;2004;376;L;2004D002405;1;2017;349.3;0;0;0;0;0;Non versata
410;Comune;RIMINI;2004;481;L;2004D002414;1;2017;6174.91;0;0;0;0;0;Non versata
410;Comune;RIMINI;2004;481;L;2004D002414;2;2017;4048.8;0;0;0;0;0;Non versata
410;Comune;RIMINI;2004;27;L;2004E002028;1;2017;349.3;349.3;0;0;0;0;Versata
410;Comune;RIMINI;2004;94;L;2004E002136;1;2017;6123;0;0;0;0;0;Non versata
410;Comune;RIMINI;2004;408;L;2004E002163;1;2017;6214.99;0;0;0;0;0;Non versata
410;Comune;RIMINI;2004;408;L;2004E002163;2;2017;853.08;0;0;0;0;0;Non versata
410;Comune;RIMINI;2004;119;L;2004E002208;1;2017;10635.96;0;0;0;0;0;Non versata
410;Comune;RIMINI;2004;119;L;2004E002208;2;2017;1446.83;0;0;0;0;0;Non versata
410;Comune;RIMINI;2004;137;L;2004E002244;1;2017;349.3;0;0;0;0;0;Non versata
410;Comune;RIMINI;2004;308;L;2004E002415;1;2017;349.3;349.3;0;0;0;0;Versata
410;Comune;RIMINI;2004;54;L;2004F002047;1;2017;9710.53;0;0;0;0;0;Non versata
410;Comune;RIMINI;2004;54;L;2004F002047;2;2017;859.32;0;0;0;0;0;Non versata
410;Comune;RIMINI;2004;336;L;2004F002074;1;2017;4590.67;0;0;0;0;0;Non versata
410;Comune;RIMINI;2004;336;L;2004F002074;2;2017;979.31;0;0;0;0;0;Non versata
410;Comune;RIMINI;2004;59;L;2004F002083;1;2017;4346.27;0;0;0;0;0;Non versata
410;Comune;RIMINI;2004;59;L;2004F002083;2;2017;727.97;0;0;0;0;0;Non versata
410;Comune;RIMINI;2004;12;L;2004F002128;1;2017;5730.69;5730.69;0;0;0;0;Versata
410;Comune;RIMINI;2004;12;L;2004F002128;2;2017;708.98;0;0;0;0;0;Non versata
410;Comune;RIMINI;2004;90;L;2004F002137;1;2017;6105.28;0;0;0;0;0;Non versata
410;Comune;RIMINI;2004;90;L;2004F002137;2;2017;1024.18;0;0;0;0;0;Non versata
410;Comune;RIMINI;2004;407;L;2004F002164;1;2017;6270.92;6270.92;0;0;0;0;Versata
410;Comune;RIMINI;2004;407;L;2004F002164;2;2017;853.77;0;0;0;0;0;Non versata
410;Comune;RIMINI;2004;42;L;2004F002236;1;2017;8319.22;0;0;0;0;0;Non versata
410;Comune;RIMINI;2004;494;L;2004F002416;1;2017;12564.2;0;0;0;0;0;Non versata
410;Comune;RIMINI;2004;494;L;2004F002416;2;2017;1480;0;0;0;0;0;Non versata
410;Comune;RIMINI;2004;333;L;2004G002039;1;2017;10761.34;0;0;0;0;0;Non versata
410;Comune;RIMINI;2004;333;L;2004G002039;2;2017;1226.79;0;0;0;0;0;Non versata
410;Comune;RIMINI;2004;477;L;2004G002048;1;2017;9535.4;0;0;0;0;0;Non versata
410;Comune;RIMINI;2004;477;L;2004G002048;2;2017;653.31;0;0;0;0;0;Non versata
410;Comune;RIMINI;2004;93;L;2004G002075;1;2017;4414.27;0;0;0;0;0;Non versata
410;Comune;RIMINI;2004;93;L;2004G002075;2;2017;976.63;0;0;0;0;0;Non versata
410;Comune;RIMINI;2004;550;L;2004G002084;1;2017;5228.21;5228.21;0;0;0;0;Versata
410;Comune;RIMINI;2004;550;L;2004G002084;2;2017;919.15;0;0;0;0;0;Non versata
410;Comune;RIMINI;2004;36;L;2004G002093;1;2017;442.68;442.68;0;0;0;0;Versata
410;Comune;RIMINI;2003;14;L;2004G002129;1;2017;7364.07;0;0;0;0;0;Non versata
410;Comune;RIMINI;2003;14;L;2004G002129;2;2017;886.23;0;0;0;0;0;Non versata
410;Comune;RIMINI;2004;261;L;2004G002165;1;2017;897.2;0;0;0;0;0;Non versata
410;Comune;RIMINI;2004;269;L;2004G002219;1;2017;15866.21;0;0;0;0;0;Non versata
410;Comune;RIMINI;2004;546;L;2004G002255;1;2017;349.3;0;0;0;0;0;Non versata
410;Comune;RIMINI;2004;30;L;2004G002372;1;2017;16416.82;0;0;0;0;0;Non versata
410;Comune;RIMINI;2004;493;L;2004G002408;1;2017;9138.16;0;0;0;0;0;Non versata
410;Comune;RIMINI;2004;493;L;2004G002408;2;2017;2918.1;0;0;0;0;0;Non versata
410;Comune;RIMINI;2004;315;L;2004G002417;1;2017;349.3;0;0;0;0;0;Non versata
410;Comune;RIMINI;2004;53;L;2004H002058;1;2017;9907.61;0;0;0;0;0;Non versata
410;Comune;RIMINI;2004;53;L;2004H002058;2;2017;1418.28;0;0;0;0;0;Non versata
410;Comune;RIMINI;2004;335;L;2004H002076;1;2017;7132.99;0;0;0;0;0;Non versata
410;Comune;RIMINI;2004;335;L;2004H002076;2;2017;696.6;0;0;0;0;0;Non versata
410;Comune;RIMINI;2004;88;L;2004H002085;1;2017;6266.9;0;0;0;0;0;Non versata
410;Comune;RIMINI;2004;88;L;2004H002085;2;2017;877.54;0;0;0;0;0;Non versata
410;Comune;RIMINI;2004;29;L;2004H002166;1;2017;455.67;0;0;0;0;0;Non versata
410;Comune;RIMINI;2004;64;L;2004H002247;1;2017;2882.71;0;0;0;0;0;Non versata
410;Comune;RIMINI;2004;64;L;2004H002247;2;2017;1405.3;0;0;0;0;0;Non versata
410;Comune;RIMINI;2004;62;L;2004H002256;1;2017;349.3;349.3;0;0;0;0;Versata
410;Comune;RIMINI;2004;245;L;2004H002292;1;2017;349.3;0;0;0;0;0;Non versata
410;Comune;RIMINI;2004;405;L;2004H002346;1;2017;11275.33;0;0;0;0;0;Non versata
410;Comune;RIMINI;2004;405;L;2004H002346;2;2017;1355.88;0;0;0;0;0;Non versata
410;Comune;RIMINI;2003;96;L;2004H002355;1;2017;349.3;0;0;0;0;0;Non versata
410;Comune;RIMINI;2004;497;L;2004H002409;1;2017;8015.49;0;0;0;0;0;Non versata
410;Comune;RIMINI;2004;406;L;2004I002086;1;2017;6365.66;0;0;0;0;0;Non versata
410;Comune;RIMINI;2004;406;L;2004I002086;2;2017;915.56;0;0;0;0;0;Non versata
410;Comune;RIMINI;2004;446;L;2004I002176;1;2017;9672.97;0;0;0;0;0;Non versata
410;Comune;RIMINI;2004;446;L;2004I002176;2;2017;1369.26;0;0;0;0;0;Non versata
410;Comune;RIMINI;2004;480;L;2004I002239;1;2017;5679.28;0;0;0;0;0;Non versata
410;Comune;RIMINI;2004;480;L;2004I002239;2;2017;3934.85;0;0;0;0;0;Non versata
410;Comune;RIMINI;2004;55;L;2004I002248;1;2017;3386.19;0;0;0;0;0;Non versata
410;Comune;RIMINI;2004;55;L;2004I002248;2;2017;2041.49;0;0;0;0;0;Non versata
410;Comune;RIMINI;2004;87;L;2004I002374;1;2017;91408.79;0;0;0;0;0;Non versata
410;Comune;RIMINI;2004;37;L;2004J002087;1;2017;838.12;838.12;0;0;0;0;Versata
410;Comune;RIMINI;2004;123;L;2004J002168;1;2017;5132.53;0;0;0;0;0;Non versata
410;Comune;RIMINI;2004;123;L;2004J002168;2;2017;753.02;0;0;0;0;0;Non versata
410;Comune;RIMINI;2004;447;L;2004J002177;1;2017;12852;0;0;0;0;0;Non versata
410;Comune;RIMINI;2004;447;L;2004J002177;2;2017;1854.24;0;0;0;0;0;Non versata
410;Comune;RIMINI;2004;51;L;2004J002249;1;2017;4843.23;0;0;0;0;0;Non versata
410;Comune;RIMINI;2004;51;L;2004J002249;2;2017;985.99;0;0;0;0;0;Non versata
410;Comune;RIMINI;2004;68;L;2004J002258;1;2017;4059.71;0;0;0;0;0;Non versata
410;Comune;RIMINI;2004;68;L;2004J002258;2;2017;1862.98;0;0;0;0;0;Non versata
410;Comune;RIMINI;2004;513;L;2004K002088;1;2017;12201.67;0;0;0;0;0;Non versata
410;Comune;RIMINI;2004;513;L;2004K002088;2;2017;1975.18;0;0;0;0;0;Non versata
410;Comune;RIMINI;2004;99;L;2004K002169;1;2017;6996.19;0;0;0;0;0;Non versata
410;Comune;RIMINI;2004;99;L;2004K002169;2;2017;992.32;0;0;0;0;0;Non versata
410;Comune;RIMINI;2004;67;L;2004K002259;1;2017;2617.57;0;0;0;0;0;Non versata
410;Comune;RIMINI;2004;67;L;2004K002259;2;2017;1615.91;0;0;0;0;0;Non versata
410;Comune;RIMINI;2004;121;L;2004K002277;1;2017;8950.49;0;0;0;0;0;Non versata
410;Comune;RIMINI;2003;11;L;2004K002862;1;2017;349.3;349.3;0;0;0;0;Versata
410;Comune;RIMINI;2003;11;L;2004K002862;2;2017;5102.09;0;0;0;0;0;Non versata
410;Comune;RIMINI;2004;34;L;2004L002089;1;2017;434.25;434.25;0;0;0;0;Versata
410;Comune;RIMINI;2004;289;L;2004L002386;1;2017;0;0;0;0;0;0;Versata
410;Comune;RIMINI;2004;522;L;2004L002395;1;2017;8188.33;0;0;0;0;0;Non versata
410;Comune;RIMINI;2004;522;L;2004L002395;2;2017;646.74;0;0;0;0;0;Non versata
410;Comune;RIMINI;2004;410;L;2004M002099;1;2017;10063.34;0;0;0;0;0;Non versata
410;Comune;RIMINI;2004;410;L;2004M002099;2;2017;1701.56;0;0;0;0;0;Non versata
410;Comune;RIMINI;2004;43;L;2004M002387;1;2017;7928.34;0;0;0;0;0;Non versata
410;Comune;RIMINI;2004;113;L;2004M002396;1;2017;358.03;0;0;0;0;0;Non versata
410;Comune;RIMINI;2004;478;L;2004N001992;1;2017;5710.27;0;0;0;0;0;Non versata
410;Comune;RIMINI;2004;478;L;2004N001992;2;2017;742.15;0;0;0;0;0;Non versata
410;Comune;RIMINI;2004;484;L;2004N002388;1;2017;7628.14;0;0;0;0;0;Non versata
410;Comune;RIMINI;2004;479;L;2004O001993;1;2017;1537.81;0;0;0;0;0;Non versata
410;Comune;RIMINI;2004;479;L;2004O001993;2;2017;189.91;0;0;0;0;0;Non versata
410;Comune;RIMINI;2004;398;L;2004O002389;1;2017;13340.34;0;0;0;0;0;Non versata
410;Comune;RIMINI;2004;47;L;2004P002399;1;2017;4369.09;0;0;0;0;0;Non versata
410;Comune;RIMINI;2004;47;L;2004P002399;2;2017;1627.18;0;0;0;0;0;Non versata
410;Comune;RIMINI;2004;101;L;2004S001997;1;2017;6319.23;0;0;0;0;0;Non versata
410;Comune;RIMINI;2004;101;L;2004S001997;2;2017;1029.94;0;0;0;0;0;Non versata
410;Comune;RIMINI;2004;39;L;2004U002000;1;2017;408.56;0;0;0;0;0;Non versata
410;Comune;RIMINI;2004;337;L;2004W002011;1;2017;14131.61;0;0;0;0;0;Non versata
410;Comune;RIMINI;2004;337;L;2004W002011;2;2017;2140.74;0;0;0;0;0;Non versata
410;Comune;RIMINI;2004;409;L;2004X002012;1;2017;8920.1;0;0;0;0;0;Non versata
410;Comune;RIMINI;2004;409;L;2004X002012;2;2017;991.44;0;0;0;0;0;Non versata
410;Comune;RIMINI;2004;63;L;2004X002030;1;2017;630.93;0;0;0;0;0;Non versata
410;Comune;RIMINI;2004;40;L;2004Y002220;1;2017;4611.83;0;0;0;0;0;Non versata
410;Comune;RIMINI;2004;399;L;2004Y002310;1;2017;4081.12;0;0;0;0;0;Non versata
410;Comune;RIMINI;2004;46;L;2004Y002400;1;2017;6521.33;0;0;0;0;0;Non versata
410;Comune;RIMINI;2004;46;L;2004Y002400;2;2017;2841.94;0;0;0;0;0;Non versata
410;Comune;RIMINI;2004;258;L;2004Z002041;1;2017;4803.37;0;0;0;0;0;Non versata
410;Comune;RIMINI;2004;258;L;2004Z002041;2;2017;553.26;0;0;0;0;0;Non versata
410;Comune;RIMINI;2004;122;L;2004Z002131;1;2017;8405.25;8405.25;0;0;0;0;Versata
410;Comune;RIMINI;2004;122;L;2004Z002131;2;2017;1173.46;0;0;0;0;0;Non versata
410;Comune;RIMINI;2004;35;L;2004Z002140;1;2017;1126.36;0;0;0;0;0;Non versata
410;Comune;RIMINI;2004;545;L;2004Z002221;1;2017;5790.1;0;0;0;0;0;Non versata
410;Comune;RIMINI;2004;367;L;2004Z002302;1;2017;15327.3;0;0;0;0;0;Non versata
410;Comune;RIMINI;2004;9;L;2004Z002311;1;2017;349.3;0;0;0;0;0;Non versata
410;Comune;RIMINI;2004;45;L;2004Z002401;1;2017;7279.68;0;0;0;0;0;Non versata
410;Comune;RIMINI;2004;45;L;2004Z002401;2;2017;1618;0;0;0;0;0;Non versata
410;Comune;RIMINI;2005;183;L;2005A002230;1;2017;349.3;0;0;0;0;0;Non versata
410;Comune;RIMINI;2005;17;L;2005A002302;1;2017;1371.48;0;0;0;0;0;Non versata
410;Comune;RIMINI;2005;17;L;2005A002302;2;2017;2193.1;0;0;0;0;0;Non versata
410;Comune;RIMINI;2005;218;L;2005A002311;1;2017;349.3;349.3;0;0;0;0;Versata
410;Comune;RIMINI;2005;274;L;2005B002105;1;2017;8658.03;0;0;0;0;0;Non versata
410;Comune;RIMINI;2005;274;L;2005B002105;2;2017;1096.96;0;0;0;0;0;Non versata
410;Comune;RIMINI;2005;251;L;2005B002231;1;2017;364.1;364.1;0;0;0;0;Versata
410;Comune;RIMINI;2005;163;L;2005C002142;1;2017;351.96;0;0;0;0;0;Non versata
410;Comune;RIMINI;2005;10;L;2005C002151;1;2017;5206.8;0;0;0;0;0;Non versata
410;Comune;RIMINI;2005;10;L;2005C002151;2;2017;1378.72;0;0;0;0;0;Non versata
410;Comune;RIMINI;2005;65;L;2005C002241;1;2017;349.3;349.3;0;0;0;0;Versata
410;Comune;RIMINI;2005;19;L;2005C002313;1;2017;349.3;0;0;0;0;0;Non versata
410;Comune;RIMINI;2003;325;L;2005C002403;1;2017;9189.82;0;0;0;0;0;Non versata
410;Comune;RIMINI;2005;236;L;2005D002242;1;2017;349.3;0;0;0;0;0;Non versata
410;Comune;RIMINI;2005;277;L;2005D002260;1;2017;1348.33;1348.33;0;0;0;0;Versata
410;Comune;RIMINI;2005;277;L;2005D002260;2;2017;1168.55;0;0;0;0;0;Non versata
410;Comune;RIMINI;2005;247;L;2005D002323;1;2017;2498.52;0;0;0;0;0;Non versata
410;Comune;RIMINI;2005;327;L;2005D002404;1;2017;4635.66;0;0;0;0;0;Non versata
410;Comune;RIMINI;2005;328;L;2005E002234;1;2017;725.87;725.87;0;0;0;0;Versata
410;Comune;RIMINI;2005;191;L;2005E002243;1;2017;349.3;0;0;0;0;0;Non versata
410;Comune;RIMINI;2005;211;L;2005E002252;1;2017;349.3;0;0;0;0;0;Non versata
410;Comune;RIMINI;2005;177;L;2005E002261;1;2017;563.38;0;0;0;0;0;Non versata
410;Comune;RIMINI;2005;177;L;2005E002261;2;2017;1885.64;0;0;0;0;0;Non versata
410;Comune;RIMINI;2005;19.;L;2005E002342;1;2017;349.3;349.3;0;0;0;0;Versata
410;Comune;RIMINI;2005;299;L;2005E002441;1;2017;349.3;349.3;0;0;0;0;Versata
410;Comune;RIMINI;2005;380;L;2005E002450;1;2017;349.3;349.3;0;0;0;0;Versata
410;Comune;RIMINI;2005;109;L;2005F002145;1;2017;675.63;675.63;0;0;0;0;Versata
410;Comune;RIMINI;2005;137;L;2005F002172;1;2017;431.67;431.67;0;0;700.7;0;Parzialmente versata
410;Comune;RIMINI;2005;414;L;2005F002181;1;2017;13089;0;0;0;0;0;Non versata
410;Comune;RIMINI;2005;414;L;2005F002181;2;2017;1788.69;0;0;0;0;0;Non versata
410;Comune;RIMINI;2005;62;L;2005F002190;1;2017;397.1;0;0;0;700.7;0;Non versata
410;Comune;RIMINI;2005;381;L;2005F002235;1;2017;349.3;0;0;0;0;0;Non versata
410;Comune;RIMINI;2005;179;L;2005F002244;1;2017;349.3;349.3;0;0;0;0;Versata
410;Comune;RIMINI;2005;237;L;2005F002253;1;2017;349.3;0;0;0;0;0;Non versata
410;Comune;RIMINI;2005;280;L;2005F002262;1;2017;641.12;0;0;0;0;0;Non versata
410;Comune;RIMINI;2005;280;L;2005F002262;2;2017;1896.65;0;0;0;0;0;Non versata
410;Comune;RIMINI;2005;228;L;2005F002442;1;2017;349.3;349.3;0;0;0;0;Versata
410;Comune;RIMINI;2005;210;L;2005F002451;1;2017;349.3;0;0;0;0;0;Non versata
410;Comune;RIMINI;2005;266;L;2005G002074;1;2017;351.2;0;0;0;0;0;Non versata
410;Comune;RIMINI;2005;193;L;2005G002236;1;2017;349.3;0;0;0;0;0;Non versata
410;Comune;RIMINI;2005;379;L;2005G002245;1;2017;349.3;0;0;0;0;0;Non versata
410;Comune;RIMINI;2005;270;L;2005G002254;1;2017;510.58;0;0;0;0;0;Non versata
410;Comune;RIMINI;2005;18;L;2005G002290;1;2017;349.3;349.3;0;0;0;0;Versata
410;Comune;RIMINI;2005;185;L;2005G002362;1;2017;349.3;349.3;0;0;0;0;Versata
410;Comune;RIMINI;2005;295;L;2005G002371;1;2017;2946.32;0;0;0;0;0;Non versata
410;Comune;RIMINI;2005;295;L;2005G002371;2;2017;1481.27;0;0;0;0;0;Non versata
410;Comune;RIMINI;2005;262;L;2005G002380;1;2017;886.23;886.23;0;0;0;0;Versata
410;Comune;RIMINI;2005;262;L;2005G002380;2;2017;1373.65;0;0;0;0;0;Non versata
410;Comune;RIMINI;2005;233;L;2005H002093;1;2017;12514.1;0;0;0;0;0;Non versata
410;Comune;RIMINI;2005;233;L;2005H002093;2;2017;1304.02;0;0;0;0;0;Non versata
410;Comune;RIMINI;2005;235;L;2005H002147;1;2017;4193.12;0;0;0;0;0;Non versata
410;Comune;RIMINI;2005;235;L;2005H002147;2;2017;607.7;0;0;0;0;0;Non versata
410;Comune;RIMINI;2005;140;L;2005H002237;1;2017;349.3;0;0;0;0;0;Non versata
410;Comune;RIMINI;2005;307;L;2005H002246;1;2017;349.3;0;0;0;0;0;Non versata
410;Comune;RIMINI;2005;281;L;2005H002255;1;2017;493.75;493.75;0;0;0;0;Versata
410;Comune;RIMINI;2005;281;L;2005H002255;2;2017;3538.58;0;0;0;0;0;Non versata
410;Comune;RIMINI;2005;174;L;2005H002354;1;2017;349.3;349.3;0;0;0;0;Versata
410;Comune;RIMINI;2005;272;L;2005H002372;1;2017;926.74;926.74;0;0;0;0;Versata
410;Comune;RIMINI;2005;272;L;2005H002372;2;2017;911.55;0;0;0;0;0;Non versata
410;Comune;RIMINI;2005;293;L;2005H002381;1;2017;2514.35;2514.35;0;0;0;0;Versata
410;Comune;RIMINI;2005;293;L;2005H002381;2;2017;3057.49;0;0;0;0;0;Non versata
410;Comune;RIMINI;2005;38;L;2005I002094;1;2017;5446.08;0;0;0;0;0;Non versata
410;Comune;RIMINI;2005;38;L;2005I002094;2;2017;436.78;0;0;0;0;0;Non versata
410;Comune;RIMINI;2005;323;L;2005I002229;1;2017;18472.18;0;0;0;0;0;Non versata
410;Comune;RIMINI;2005;265;L;2005I002238;1;2017;349.3;349.3;0;0;0;0;Versata
410;Comune;RIMINI;2005;267;L;2005I002247;1;2017;349.3;0;0;0;0;0;Non versata
410;Comune;RIMINI;2005;292;L;2005I002256;1;2017;349.3;349.3;0;0;0;0;Versata
410;Comune;RIMINI;2005;292;L;2005I002256;2;2017;4001.95;0;0;0;0;0;Non versata
410;Comune;RIMINI;2005;275;L;2005I002373;1;2017;1832.6;1832.6;0;0;0;0;Versata
410;Comune;RIMINI;2005;275;L;2005I002373;2;2017;1832.59;0;0;0;0;0;Non versata
410;Comune;RIMINI;2005;278;L;2005I002382;1;2017;1597.08;0;0;0;0;0;Non versata
410;Comune;RIMINI;2005;278;L;2005I002382;2;2017;1089.43;0;0;0;0;0;Non versata
410;Comune;RIMINI;2004;273;L;2005I002436;1;2017;15387.03;0;0;0;0;0;Non versata
410;Comune;RIMINI;2004;273;L;2005I002436;2;2017;1150.6;0;0;0;0;0;Non versata
410;Comune;RIMINI;2005;180;L;2005J002158;1;2017;788.43;0;0;0;0;0;Non versata
410;Comune;RIMINI;2004;306;L;2005J002185;1;2017;423.66;423.66;0;0;0;0;Versata
410;Comune;RIMINI;2005;318;L;2005J002239;1;2017;349.3;0;0;0;0;0;Non versata
410;Comune;RIMINI;2005;182;L;2005J002248;1;2017;349.3;0;0;0;0;0;Non versata
410;Comune;RIMINI;2005;279;L;2005J002257;1;2017;764.69;0;0;0;0;0;Non versata
410;Comune;RIMINI;2005;279;L;2005J002257;2;2017;2153.53;0;0;0;0;0;Non versata
410;Comune;RIMINI;2005;192;L;2005J002383;1;2017;1671.17;0;0;0;0;0;Non versata
410;Comune;RIMINI;2005;192;L;2005J002383;2;2017;3444.89;0;0;0;0;0;Non versata
410;Comune;RIMINI;2005;388;L;2005J002419;1;2017;10968.07;0;0;0;0;0;Non versata
410;Comune;RIMINI;2005;314;L;2005J002446;1;2017;7670.1;7670.1;0;0;0;0;Versata
410;Comune;RIMINI;2005;314;L;2005J002446;2;2017;1283.76;0;0;0;0;0;Non versata
410;Comune;RIMINI;2005;139;L;2005K002087;1;2017;469.94;469.94;0;0;0;0;Versata
410;Comune;RIMINI;2005;246;L;2005K002168;1;2017;1055.46;0;0;0;0;0;Non versata
410;Comune;RIMINI;2005;411;L;2005K002186;1;2017;6708;0;0;0;0;0;Non versata
410;Comune;RIMINI;2005;238;L;2005K002384;1;2017;2271.32;0;0;0;0;0;Non versata
410;Comune;RIMINI;2005;141;L;2005K002393;1;2017;349.3;349.3;0;0;0;0;Versata
410;Comune;RIMINI;2005;312;L;2005K002861;1;2017;509.5;0;0;0;0;0;Non versata
410;Comune;RIMINI;2005;194;L;2005L002169;1;2017;349.3;0;0;0;0;0;Non versata
410;Comune;RIMINI;2005;276;L;2005L002259;1;2017;1329.34;1329.34;0;0;0;0;Versata
410;Comune;RIMINI;2005;276;L;2005L002259;2;2017;1152.1;0;0;0;0;0;Non versata
410;Comune;RIMINI;2005;145;L;2005L002385;1;2017;2048.06;0;0;0;0;0;Non versata
410;Comune;RIMINI;2005;264;L;2005L002448;1;2017;2661.22;0;0;0;0;0;Non versata
410;Comune;RIMINI;2005;8;L;2005L002862;1;2017;349.3;0;0;0;0;0;Non versata
410;Comune;RIMINI;2005;291;L;2005M002449;1;2017;4969.21;0;0;0;0;0;Non versata
410;Comune;RIMINI;2005;296;L;2005N002099;1;2017;349.3;0;0;0;0;0;Non versata
410;Comune;RIMINI;2005;305;L;2005N002189;1;2017;410.95;410.95;0;0;0;0;Versata
410;Comune;RIMINI;2005;313;L;2005N002864;1;2017;349.3;0;0;0;0;0;Non versata
410;Comune;RIMINI;2004;315;L;2005N002873;1;2017;407.6;0;0;0;0;0;Non versata
410;Comune;RIMINI;2005;263;L;2005O002379;1;2017;838.63;838.63;0;0;0;0;Versata
410;Comune;RIMINI;2005;263;L;2005O002379;2;2017;1956.79;0;0;0;0;0;Non versata
410;Comune;RIMINI;2005;105;L;2005O002487;1;2017;1318.4;1318.4;0;0;0;0;Versata
410;Comune;RIMINI;2005;311;L;2005O002865;1;2017;349.3;0;0;0;0;0;Non versata
410;Comune;RIMINI;2005;378;L;2005P002488;1;2017;28325.51;0;0;0;0;0;Non versata
410;Comune;RIMINI;2005;309;L;2005P002866;1;2017;349.3;0;0;0;0;0;Non versata
410;Comune;RIMINI;2005;316;L;2005Q002867;1;2017;509.5;0;0;0;0;0;Non versata
410;Comune;RIMINI;2005;230;L;2005Y002102;1;2017;6356.36;0;0;0;0;0;Non versata
410;Comune;RIMINI;2005;230;L;2005Y002102;2;2017;417.79;0;0;0;0;0;Non versata
410;Comune;RIMINI;2006;11;L;2006D002025;1;2017;1099.11;1099.11;0;0;0;0;Versata
410;Comune;RIMINI;2006;9;L;2006G002037;1;2017;388.57;0;0;0;0;0;Non versata
410;Comune;RIMINI;2006;7;L;2006J001770;1;2017;422.02;0;0;0;0;0;Non versata
410;Comune;RIMINI;2006;5;L;2006J001914;1;2017;1487.59;0;0;0;0;0;Non versata
410;Comune;RIMINI;2006;6;L;2006L001970;1;2017;97686.76;0;0;0;0;0;Non versata
410;Comune;RIMINI;2006;10;L;2006Y002020;1;2017;349.3;349.3;0;0;0;0;Versata
410;Comune;RIMINI;2007;34;L;2007C002050;1;2017;349.3;0;0;0;0;0;Non versata
410;Comune;RIMINI;2007;43;L;2007D002051;1;2017;349.3;0;0;0;0;0;Non versata
410;Comune;RIMINI;2007;32;L;2007D002060;1;2017;349.3;0;0;0;0;0;Non versata
410;Comune;RIMINI;2007;35;L;2007E002052;1;2017;349.3;0;0;0;0;0;Non versata
410;Comune;RIMINI;2007;31;L;2007E002061;1;2017;349.3;0;0;0;0;0;Non versata
410;Comune;RIMINI;2007;39;L;2007E002070;1;2017;349.3;0;0;0;0;0;Non versata
410;Comune;RIMINI;2007;18;L;2007F001711;1;2017;349.3;0;0;0;0;0;Non versata
410;Comune;RIMINI;2007;23;L;2007F001720;1;2017;641.67;0;0;0;0;0;Non versata
410;Comune;RIMINI;2007;52;L;2007F002053;1;2017;349.3;0;0;0;0;0;Non versata
410;Comune;RIMINI;2007;28;L;2007F002062;1;2017;349.3;0;0;0;0;0;Non versata
410;Comune;RIMINI;2007;12;L;2007G001712;1;2017;365.95;0;0;0;0;0;Non versata
410;Comune;RIMINI;2007;8;L;2007G001730;1;2017;710.55;710.55;0;0;0;0;Versata
410;Comune;RIMINI;2007;53;L;2007G002054;1;2017;349.3;0;0;0;0;0;Non versata
410;Comune;RIMINI;2007;40;L;2007G002063;1;2017;349.3;0;0;0;0;0;Non versata
410;Comune;RIMINI;2007;24;L;2007H001713;1;2017;76106.36;0;0;0;0;0;Non versata
410;Comune;RIMINI;2007;25;L;2007H001731;1;2017;2699.9;2699;0;0;0;0;Parzialmente versata
410;Comune;RIMINI;2007;54;L;2007H002046;1;2017;349.3;0;0;0;0;0;Non versata
410;Comune;RIMINI;2007;55;L;2007H002055;1;2017;349.3;0;0;0;0;0;Non versata
410;Comune;RIMINI;2007;33;L;2007H002064;1;2017;349.3;0;0;0;0;0;Non versata
410;Comune;RIMINI;2007;3;L;2007I001660;1;2017;141093.9;0;0;0;0;0;Non versata
410;Comune;RIMINI;2007;3;L;2007I001660;2;2017;949.53;0;0;0;0;0;Non versata
410;Comune;RIMINI;2007;9;L;2007I001732;1;2017;543.53;543.53;0;0;0;0;Versata
410;Comune;RIMINI;2007;48;L;2007I002047;1;2017;349.3;0;0;0;0;0;Non versata
410;Comune;RIMINI;2007;57;L;2007I002056;1;2017;349.3;0;0;0;0;0;Non versata
410;Comune;RIMINI;2007;30;L;2007I002065;1;2017;349.3;0;0;0;0;0;Non versata
410;Comune;RIMINI;2007;22;L;2007J001733;1;2017;1005.43;1005.43;0;0;0;0;Versata
410;Comune;RIMINI;2007;42;L;2007J002048;1;2017;349.3;0;0;0;0;0;Non versata
410;Comune;RIMINI;2007;56;L;2007J002057;1;2017;349.3;0;0;0;0;0;Non versata
410;Comune;RIMINI;2007;38;L;2007J002066;1;2017;349.3;0;0;0;0;0;Non versata
410;Comune;RIMINI;2007;27;L;2007K001734;1;2017;1286.61;0;0;0;0;0;Non versata
410;Comune;RIMINI;2007;50;L;2007K002049;1;2017;349.3;0;0;0;0;0;Non versata
410;Comune;RIMINI;2007;36;L;2007K002058;1;2017;349.3;0;0;0;0;0;Non versata
410;Comune;RIMINI;2007;29;L;2007K002067;1;2017;349.3;0;0;0;0;0;Non versata
410;Comune;RIMINI;2007;17;L;2007L001717;1;2017;349.3;0;0;0;0;0;Non versata
410;Comune;RIMINI;2007;14;L;2007L001735;1;2017;415.73;415.73;0;0;0;0;Versata
410;Comune;RIMINI;2007;58;L;2007L002059;1;2017;349.3;0;0;0;0;0;Non versata
410;Comune;RIMINI;2007;37;L;2007L002068;1;2017;349.3;0;0;0;0;0;Non versata
410;Comune;RIMINI;2007;2;L;2007M001718;1;2017;3930.62;0;0;0;0;0;Non versata
410;Comune;RIMINI;2007;46;L;2007M002069;1;2017;349.3;0;0;0;0;0;Non versata
410;Comune;RIMINI;2007;13;L;2007N001719;1;2017;987.69;987.69;0;0;0;0;Versata
410;Comune;RIMINI;2007;26;L;2007O001747;1;2017;3491.61;0;0;0;0;0;Non versata
410;Comune;RIMINI;2007;7;L;2007O001783;1;2017;349.3;0;0;0;0;0;Non versata
410;Comune;RIMINI;2007;47;L;2007O001792;1;2017;349.3;349.3;0;0;0;0;Versata
410;Comune;RIMINI;2007;1;L;2007P001784;1;2017;502.7;502.7;0;0;0;0;Versata
410;Comune;RIMINI;2007;11;L;2007P001793;1;2017;349.3;349.3;0;0;0;0;Versata
410;Comune;RIMINI;2007;21;L;2007Q001776;1;2017;349.3;349.3;0;0;0;0;Versata
410;Comune;RIMINI;2007;16;L;2007Q001785;1;2017;349.3;349.3;0;0;0;0;Versata
410;Comune;RIMINI;2007;45;L;2007R001759;1;2017;349.3;349.3;0;0;0;0;Versata
410;Comune;RIMINI;2007;19;L;2007R001777;1;2017;349.3;0;0;0;0;0;Non versata
410;Comune;RIMINI;2007;15;L;2007R001786;1;2017;349.3;0;0;0;0;0;Non versata
410;Comune;RIMINI;2007;20;L;2007S001778;1;2017;349.3;0;0;0;0;0;Non versata
410;Comune;RIMINI;2007;10;L;2007T001779;1;2017;522.67;522.67;0;0;0;0;Versata
410;Comune;RIMINI;2008;28;L;2008A003001;1;2017;701.39;701.39;0;0;0;0;Versata
410;Comune;RIMINI;2008;35;L;2008D003004;1;2017;36824.06;0;0;0;0;0;Non versata
410;Comune;RIMINI;2008;36;L;2008F003420;1;2017;349.3;349.3;0;0;0;0;Versata
410;Comune;RIMINI;2008;9;L;2008G003313;1;2017;4009.3;0;0;0;0;0;Non versata
410;Comune;RIMINI;2008;24;L;2008H003431;1;2017;349.3;0;0;0;0;0;Non versata
410;Comune;RIMINI;2008;40;L;2008I002820;1;2017;349.3;349.3;0;0;0;0;Versata
410;Comune;RIMINI;2008;29;L;2008I003261;1;2017;409.36;409.36;0;0;0;0;Versata
410;Comune;RIMINI;2008;39;L;2008J002506;1;2017;349.3;349.3;0;0;0;0;Versata
410;Comune;RIMINI;2008;11;L;2008J003541;1;2017;349.3;349.3;0;0;0;0;Versata
410;Comune;RIMINI;2008;23;L;2008J003604;1;2017;349.3;0;0;0;0;0;Non versata
410;Comune;RIMINI;2008;34;L;2008K002507;1;2017;349.3;349.3;0;0;0;0;Versata
410;Comune;RIMINI;2008;38;L;2008K003272;1;2017;349.3;349.3;0;0;0;0;Versata
410;Comune;RIMINI;2008;2;L;2008K004280;1;2017;349.3;0;0;0;0;0;Non versata
410;Comune;RIMINI;2008;31;L;2008L002670;1;2017;349.3;0;0;0;0;0;Non versata
410;Comune;RIMINI;2008;1;L;2008L004281;1;2017;349.3;0;0;0;0;0;Non versata
410;Comune;RIMINI;2008;8;L;2008M003355;1;2017;29599.84;0;0;0;0;0;Non versata
410;Comune;RIMINI;2008;3;L;2008M004273;1;2017;349.3;0;0;0;0;0;Non versata
410;Comune;RIMINI;2008;13;L;2008M004282;1;2017;349.3;0;0;0;0;0;Non versata
410;Comune;RIMINI;2008;37;L;2008N003266;1;2017;349.3;349.3;0;0;0;0;Versata
410;Comune;RIMINI;2008;33;L;2008N003617;1;2017;349.3;0;0;0;0;0;Non versata
410;Comune;RIMINI;2008;6;L;2008N004274;1;2017;407.6;0;0;0;0;0;Non versata
410;Comune;RIMINI;2008;14;L;2008N004283;1;2017;349.3;0;0;0;0;0;Non versata
410;Comune;RIMINI;2008;42;L;2008O002628;1;2017;405.13;405.13;0;0;0;0;Versata
410;Comune;RIMINI;2008;30;L;2008O002790;1;2017;1143.92;1143.92;0;0;0;0;Versata
410;Comune;RIMINI;2008;26;L;2008O003267;1;2017;349.3;0;0;0;0;0;Non versata
410;Comune;RIMINI;2008;41;L;2008O003591;1;2017;403.86;403.86;0;0;0;0;Versata
410;Comune;RIMINI;2008;43;L;2008O004284;1;2017;349.3;0;0;0;0;0;Non versata
410;Comune;RIMINI;2008;10;L;2008P003259;1;2017;876.95;0;0;0;0;0;Non versata
410;Comune;RIMINI;2008;27;L;2008P003268;1;2017;349.3;349.3;0;0;0;0;Versata
410;Comune;RIMINI;2008;5;L;2008P004276;1;2017;349.3;0;0;0;0;0;Non versata
410;Comune;RIMINI;2008;46;L;2008P004285;1;2017;349.3;0;0;0;0;0;Non versata
410;Comune;RIMINI;2008;47;L;2008Q004277;1;2017;349.3;0;0;0;0;0;Non versata
410;Comune;RIMINI;2008;15;L;2008Q004286;1;2017;407.6;0;0;0;0;0;Non versata
410;Comune;RIMINI;2008;17;L;2008R004278;1;2017;349.3;0;0;0;0;0;Non versata
410;Comune;RIMINI;2008;4;L;2008R004287;1;2017;349.3;0;0;0;0;0;Non versata
410;Comune;RIMINI;2008;48;L;2008S004279;1;2017;407.6;0;0;0;0;0;Non versata
410;Comune;RIMINI;2008;45;L;2008S004288;1;2017;349.3;0;0;0;0;0;Non versata
410;Comune;RIMINI;2008;44;L;2008T004289;1;2017;349.3;0;0;0;0;0;Non versata
410;Comune;RIMINI;2008;25;L;2008Z003000;1;2017;1006.08;0;0;0;0;0;Non versata
410;Comune;RIMINI;2009;45;L;2009B003100;1;2017;468.29;0;0;0;0;0;Non versata
410;Comune;RIMINI;2009;23;L;2009E003031;1;2017;380.3;380.3;0;0;0;0;Versata
410;Comune;RIMINI;2009;48;L;2009F003014;1;2017;375.8;0;0;0;0;0;Non versata
410;Comune;RIMINI;2009;10;L;2009G003006;1;2017;385.76;385.76;0;0;0;0;Versata
410;Comune;RIMINI;2009;46;L;2009G003015;1;2017;7022;0;0;0;0;0;Non versata
410;Comune;RIMINI;2009;46;L;2009G003015;2;2017;886.23;0;0;0;0;0;Non versata
410;Comune;RIMINI;2009;39;L;2009G003123;1;2017;391.46;391.46;0;0;0;0;Versata
410;Comune;RIMINI;2009;19;L;2009H003007;1;2017;400.66;400.66;0;0;0;0;Versata
410;Comune;RIMINI;2009;25;L;2009H003070;1;2017;839.1;839.1;0;0;0;0;Versata
410;Comune;RIMINI;2009;33;L;2009I003026;1;2017;349.3;0;0;0;0;0;Non versata
410;Comune;RIMINI;2009;14;L;2009I003053;1;2017;452.15;452.15;0;0;0;0;Versata
410;Comune;RIMINI;2009;9;L;2009I003071;1;2017;506.42;506.42;0;0;0;0;Versata
410;Comune;RIMINI;2009;37;L;2009J003054;1;2017;453.66;453.66;0;0;0;0;Versata
410;Comune;RIMINI;2009;6;L;2009J003531;1;2017;762.59;0;0;0;0;0;Non versata
410;Comune;RIMINI;2009;16;L;2009K003190;1;2017;839.81;839.81;0;0;0;0;Versata
410;Comune;RIMINI;2009;2;L;2009K003226;1;2017;461.5;461.5;0;0;0;0;Versata
410;Comune;RIMINI;2009;20;L;2009L003380;1;2017;455.78;455.78;0;0;0;0;Versata
410;Comune;RIMINI;2009;18;L;2009L003515;1;2017;349.3;349.3;0;0;0;0;Versata
410;Comune;RIMINI;2009;43;L;2009M003066;1;2017;429.22;429.22;0;0;0;0;Versata
410;Comune;RIMINI;2009;41;L;2009M003138;1;2017;459.47;459.47;0;0;0;0;Versata
410;Comune;RIMINI;2004;236;L;2009M003273;1;2017;9497.01;0;0;0;0;0;Non versata
410;Comune;RIMINI;2004;236;L;2009M003273;2;2017;1081.2;0;0;0;0;0;Non versata
410;Comune;RIMINI;2009;13;L;2009M003291;1;2017;468.43;468.43;0;0;0;0;Versata
410;Comune;RIMINI;2009;22;L;2009M003336;1;2017;349.3;0;0;0;0;0;Non versata
410;Comune;RIMINI;2009;12;L;2009N003148;1;2017;375.25;375.25;0;0;0;0;Versata
410;Comune;RIMINI;2009;7;L;2009N003337;1;2017;420.83;420.83;0;0;0;0;Versata
410;Comune;RIMINI;2009;21;L;2009O003086;1;2017;349.3;0;0;0;0;0;Non versata
410;Comune;RIMINI;2009;26;L;2009O003149;1;2017;432.68;432.68;0;0;0;0;Versata
410;Comune;RIMINI;2009;40;L;2009O003365;1;2017;6340.47;0;0;0;0;0;Non versata
410;Comune;RIMINI;2009;17;L;2009P003636;1;2017;349.3;349.3;0;0;0;0;Versata
410;Comune;RIMINI;2009;8;L;2009Q002971;1;2017;464.89;464.89;0;0;0;0;Versata
410;Comune;RIMINI;2009;1;L;2009Q003637;1;2017;349.3;0;0;0;0;0;Non versata
410;Comune;RIMINI;2009;44;L;2009Q003691;1;2017;1492.23;0;0;0;0;0;Non versata
410;Comune;RIMINI;2009;47;L;2009R002972;1;2017;9456.95;0;0;0;0;0;Non versata
410;Comune;RIMINI;2009;47;L;2009R002972;2;2017;1725.61;0;0;0;0;0;Non versata
410;Comune;RIMINI;2009;29;L;2009R003377;1;2017;349.3;349.3;0;0;0;0;Versata
410;Comune;RIMINI;2009;15;L;2009R003692;1;2017;1968.22;0;0;0;0;0;Non versata
410;Comune;RIMINI;2009;15;L;2009R003692;2;2017;1147.67;0;0;0;0;0;Non versata
410;Comune;RIMINI;2009;5;L;2009S002838;1;2017;349.3;0;0;0;0;0;Non versata
410;Comune;RIMINI;2009;31;L;2009S002919;1;2017;462.34;0;0;0;0;0;Non versata
410;Comune;RIMINI;2009;11;L;2009S002973;1;2017;4001.82;0;0;0;0;0;Non versata
410;Comune;RIMINI;2009;11;L;2009S002973;2;2017;759.62;0;0;0;0;0;Non versata
410;Comune;RIMINI;2009;28;L;2009S003189;1;2017;355.83;355.83;0;0;0;0;Versata
410;Comune;RIMINI;2009;24;L;2009T002848;1;2017;11532.37;0;0;0;0;0;Non versata
410;Comune;RIMINI;2009;24;L;2009T002848;2;2017;1590.15;0;0;0;0;0;Non versata
410;Comune;RIMINI;2009;35;L;2009T002857;1;2017;13186.8;0;0;0;0;0;Non versata
410;Comune;RIMINI;2009;35;L;2009T002857;2;2017;1949.7;0;0;0;0;0;Non versata
410;Comune;RIMINI;2009;38;L;2009U002957;1;2017;392.09;0;0;0;0;0;Non versata
410;Comune;RIMINI;2009;32;L;2009V002877;1;2017;449.38;0;0;0;0;0;Non versata
410;Comune;RIMINI;2009;34;L;2009V003678;1;2017;601.74;0;0;0;0;0;Non versata
410;Comune;RIMINI;2009;30;L;2009W002959;1;2017;5805.53;0;0;0;0;0;Non versata
410;Comune;RIMINI;2009;30;L;2009W002959;2;2017;1069.55;0;0;0;0;0;Non versata
410;Comune;RIMINI;2010;17;L;2010A002612;1;2017;4816.17;0;0;0;0;0;Non versata
410;Comune;RIMINI;2010;17;L;2010A002612;2;2017;1709.15;0;0;0;0;0;Non versata
410;Comune;RIMINI;2010;15;L;2010A003152;1;2017;349.3;0;0;0;0;0;Non versata
410;Comune;RIMINI;2010;34;L;2010B002631;1;2017;476.88;0;0;0;0;0;Non versata
410;Comune;RIMINI;2010;30;L;2010B002721;1;2017;349.3;349.3;0;0;0;0;Versata
410;Comune;RIMINI;2010;3;L;2010B003423;1;2017;5317.37;0;0;0;0;0;Non versata
410;Comune;RIMINI;2010;19;L;2010C002632;1;2017;9343.06;0;0;0;0;0;Non versata
410;Comune;RIMINI;2010;19;L;2010C002632;2;2017;1519.25;0;0;0;0;0;Non versata
410;Comune;RIMINI;2010;28;L;2010C003154;1;2017;1006.5;0;0;0;0;0;Non versata
410;Comune;RIMINI;2010;21;L;2010C003280;1;2017;5176.59;0;0;0;0;0;Non versata
410;Comune;RIMINI;2010;33;L;2010C003370;1;2017;2926.55;2926.55;0;0;0;0;Versata
410;Comune;RIMINI;2010;6;L;2010D003128;1;2017;349.3;0;0;0;0;0;Non versata
410;Comune;RIMINI;2010;10;L;2010E002625;1;2017;5490.4;0;0;0;0;0;Non versata
410;Comune;RIMINI;2010;10;L;2010E002625;2;2017;407.66;0;0;0;0;0;Non versata
410;Comune;RIMINI;2010;31;L;2010E002940;1;2017;453.25;0;0;0;0;0;Non versata
410;Comune;RIMINI;2010;24;L;2010F002644;1;2017;560.29;560.29;0;0;0;0;Versata
410;Comune;RIMINI;2010;16;L;2010F002941;1;2017;349.3;349.3;0;0;0;0;Versata
410;Comune;RIMINI;2010;29;L;2010F003148;1;2017;349.3;0;0;0;0;0;Non versata
410;Comune;RIMINI;2010;20;L;2010F003283;1;2017;7306.38;0;0;0;0;0;Non versata
410;Comune;RIMINI;2010;18;L;2010G002852;1;2017;349.3;349.3;0;0;0;0;Versata
410;Comune;RIMINI;2010;27;L;2010G003446;1;2017;975.3;975.3;0;0;0;0;Versata
410;Comune;RIMINI;2010;1;L;2010H002538;1;2017;391.52;391.52;0;0;0;0;Versata
410;Comune;RIMINI;2010;5;L;2010H002853;1;2017;533.85;0;0;0;0;0;Non versata
410;Comune;RIMINI;2010;39;L;2010I002476;1;2017;349.3;0;0;0;0;0;Non versata
410;Comune;RIMINI;2010;32;L;2010I002485;1;2017;462.63;0;0;0;0;0;Non versata
410;Comune;RIMINI;2010;38;L;2010I003394;1;2017;349.3;349.3;0;0;0;0;Versata
410;Comune;RIMINI;2010;12;L;2010J002846;1;2017;9024.59;0;0;0;0;0;Non versata
410;Comune;RIMINI;2010;25;L;2010K002847;1;2017;9405.99;0;0;0;0;0;Non versata
410;Comune;RIMINI;2010;25;L;2010K002847;2;2017;731.14;0;0;0;0;0;Non versata
410;Comune;RIMINI;2010;22;L;2010K003279;1;2017;6649.37;0;0;0;0;0;Non versata
410;Comune;RIMINI;2010;13;L;2010L002848;1;2017;9020.94;0;0;0;0;0;Non versata
410;Comune;RIMINI;2010;13;L;2010L002848;2;2017;1519.25;0;0;0;0;0;Non versata
410;Comune;RIMINI;2010;11;L;2010M002849;1;2017;700.54;0;0;0;0;0;Non versata
410;Comune;RIMINI;2010;14;L;2010M002876;1;2017;349.3;0;0;0;0;0;Non versata
410;Comune;RIMINI;2010;4;L;2010N002877;1;2017;2784.03;0;0;0;0;0;Non versata
410;Comune;RIMINI;2010;9;L;2010W003211;1;2017;469.71;469.71;0;0;0;0;Versata
410;Comune;RIMINI;2010;8;L;2010X003014;1;2017;466.9;466.9;0;0;0;0;Versata
410;Comune;RIMINI;2010;2;L;2010X003212;1;2017;349.3;349.3;0;0;0;0;Versata
410;Comune;RIMINI;2010;37;L;2010Y002700;1;2017;396.7;0;0;0;0;0;Non versata
410;Comune;RIMINI;2010;26;L;2010Y003303;1;2017;15939.62;0;0;0;0;0;Non versata
410;Comune;RIMINI;2011;4;L;2011A003142;1;2017;2734.64;2734.64;0;0;0;0;Versata
410;Comune;RIMINI;2004;18;L;2012A002601;1;2017;11885.93;0;0;0;0;0;Non versata
410;Comune;RIMINI;2004;18;L;2012A002601;2;2017;825.96;0;0;0;0;0;Non versata
410;Comune;RIMINI;2012;16;L;2012F002624;1;2017;8873.68;0;0;0;0;0;Non versata
410;Comune;RIMINI;2012;8;L;2012H003634;1;2017;349.3;0;0;0;0;0;Non versata
410;Comune;RIMINI;2012;7;L;2012K003619;1;2017;349.3;0;0;0;0;0;Non versata
410;Comune;RIMINI;2012;6;L;2012L002468;1;2017;7631.43;0;0;0;0;0;Non versata
410;Comune;RIMINI;2012;6;L;2012L002468;2;2017;1481.27;0;0;0;0;0;Non versata
410;Comune;RIMINI;2012;1;L;2012L002981;1;2017;349.3;0;0;0;0;0;Non versata
410;Comune;RIMINI;2012;2;L;2012M002469;1;2017;8451.62;0;0;0;0;0;Non versata
410;Comune;RIMINI;2012;2;L;2012M002469;2;2017;1519.25;0;0;0;0;0;Non versata
410;Comune;RIMINI;2012;17;L;2012O002588;1;2017;3259.63;0;0;0;0;0;Non versata
410;Comune;RIMINI;2012;17;L;2012O002588;2;2017;705.82;0;0;0;0;0;Non versata
410;Comune;RIMINI;2013;11;L;2013B001143;1;2017;21146.68;0;0;0;0;0;Non versata
410;Comune;RIMINI;2013;624;L;2013D002423;1;2017;349.3;0;0;0;0;0;Non versata
410;Comune;RIMINI;2013;595;L;2013F001651;1;2017;6773.48;0;0;0;0;0;Non versata
410;Comune;RIMINI;2013;595;L;2013F001651;2;2017;531.74;0;0;0;0;0;Non versata
410;Comune;RIMINI;2013;623;L;2013F001660;1;2017;8062.01;0;0;0;7247.47;0;Non versata
410;Comune;RIMINI;2013;623;L;2013F001660;2;2017;1366.94;0;0;0;0;0;Non versata
410;Comune;RIMINI;2013;5;L;2013G000941;1;2017;515.48;515.48;0;0;0;0;Versata
410;Comune;RIMINI;2013;1;L;2013G001355;1;2017;400.48;400.48;0;0;0;0;Versata
410;Comune;RIMINI;2003;89;L;2013G001841;1;2017;6515.05;0;0;0;0;0;Non versata
410;Comune;RIMINI;2003;89;L;2013G001841;2;2017;945.99;0;0;0;0;0;Non versata
410;Comune;RIMINI;2013;3;L;2013H001653;1;2017;403.45;0;0;0;0;0;Non versata
410;Comune;RIMINI;2013;621;L;2013H001662;1;2017;442.72;0;0;0;700.7;0;Non versata
410;Comune;RIMINI;2013;614;L;2013H001770;1;2017;11023.02;0;0;0;0;0;Non versata
410;Comune;RIMINI;2013;614;L;2013H001770;2;2017;1098.04;0;0;0;0;0;Non versata
410;Comune;RIMINI;2013;8;L;2013H002922;1;2017;1584.66;0;0;0;0;0;Non versata
410;Comune;RIMINI;2013;8;L;2013H002922;2;2017;274.03;0;0;0;0;0;Non versata
410;Comune;RIMINI;2013;622;L;2013I001663;1;2017;5609.37;0;0;0;5864.18;0;Non versata
410;Comune;RIMINI;2013;622;L;2013I001663;2;2017;949.53;0;0;0;0;0;Non versata
410;Comune;RIMINI;2013;2;L;2013I001843;1;2017;389.95;0;0;0;0;0;Non versata
410;Comune;RIMINI;2013;4;L;2013J000962;1;2017;349.3;0;0;0;0;0;Non versata
410;Comune;RIMINI;2013;613;L;2013J001664;1;2017;466.08;466.08;0;0;0;0;Versata
410;Comune;RIMINI;2013;6;L;2013J002195;1;2017;696.91;0;0;0;0;0;Non versata
410;Comune;RIMINI;2013;9;L;2013L002539;1;2017;349.3;349.3;0;0;0;0;Versata
410;Comune;RIMINI;2013;12;L;2013P002777;1;2017;62007.59;0;0;0;0;0;Non versata
410;Comune;RIMINI;2013;12;L;2013P002777;2;2017;3177.76;0;0;0;0;0;Non versata
410;Comune;RIMINI;2014;52;L;2014C001521;1;2017;671.87;0;0;0;0;0;Non versata
410;Comune;RIMINI;2014;473;L;2014F002415;1;2017;349.3;0;0;0;0;0;Non versata
410;Comune;RIMINI;2014;72;L;2014G000148;1;2017;5445.66;0;0;0;700.7;0;Non versata
410;Comune;RIMINI;2014;72;L;2014G000148;2;2017;759.62;0;0;0;0;0;Non versata
410;Comune;RIMINI;2014;494;L;2014G001183;1;2017;4384.22;0;0;0;0;0;Non versata
410;Comune;RIMINI;2014;507;L;2014G002425;1;2017;349.3;349.3;0;0;0;0;Versata
410;Comune;RIMINI;2014;510;L;2014G004153;1;2017;349.3;0;0;0;0;0;Non versata
410;Comune;RIMINI;2014;14;L;2014H000806;1;2017;10796.89;0;0;0;0;0;Non versata
410;Comune;RIMINI;2014;14;L;2014H000806;2;2017;1038.79;0;0;0;0;0;Non versata
410;Comune;RIMINI;2014;53;L;2014H000851;1;2017;9813.5;0;0;0;0;0;Non versata
410;Comune;RIMINI;2014;53;L;2014H000851;2;2017;1321.25;0;0;0;0;0;Non versata
410;Comune;RIMINI;2014;493;L;2014H001184;1;2017;3832.71;0;0;0;0;0;Non versata
410;Comune;RIMINI;2014;495;L;2014I001185;1;2017;568.67;0;0;0;0;0;Non versata
410;Comune;RIMINI;2014;497;L;2014I001572;1;2017;349.3;349.3;0;0;0;0;Versata
410;Comune;RIMINI;2014;260;L;2014I002472;1;2017;668.2;0;0;0;0;0;Non versata
410;Comune;RIMINI;2014;502;L;2014J001186;1;2017;9858.58;0;0;0;0;0;Non versata
410;Comune;RIMINI;2014;534;L;2014J001438;1;2017;6355.41;6355.41;0;0;0;0;Versata
410;Comune;RIMINI;2014;534;L;2014J001438;2;2017;3481.61;0;0;0;0;0;Non versata
410;Comune;RIMINI;2014;386;L;2014J001573;1;2017;4877.4;0;0;0;0;0;Non versata
410;Comune;RIMINI;2014;386;L;2014J001573;2;2017;582.38;0;0;0;0;0;Non versata
410;Comune;RIMINI;2014;500;L;2014J004147;1;2017;349.3;0;0;0;0;0;Non versata
410;Comune;RIMINI;2014;3;L;2014M000739;1;2017;5000.33;0;0;0;0;0;Non versata
410;Comune;RIMINI;2014;3;L;2014M000739;2;2017;443.11;0;0;0;0;0;Non versata
410;Comune;RIMINI;2014;73;L;2014N000596;1;2017;8990.57;0;0;0;0;0;Non versata
410;Comune;RIMINI;2014;73;L;2014N000596;2;2017;718.79;0;0;0;0;0;Non versata
410;Comune;RIMINI;2015;55;L;2015B002131;1;2017;7145.44;0;0;0;0;0;Non versata
410;Comune;RIMINI;2015;55;L;2015B002131;2;2017;759.62;0;0;0;0;0;Non versata
410;Comune;RIMINI;2015;296;L;2015C002132;1;2017;6326.25;0;0;0;0;0;Non versata
410;Comune;RIMINI;2015;296;L;2015C002132;2;2017;1094.09;0;0;0;0;0;Non versata
410;Comune;RIMINI;2015;151;L;2015D002133;1;2017;4718.67;0;0;0;0;0;Non versata
410;Comune;RIMINI;2015;151;L;2015D002133;2;2017;727.97;0;0;0;0;0;Non versata
410;Comune;RIMINI;2015;15;L;2015F000335;1;2017;349.3;0;0;0;0;0;Non versata
410;Comune;RIMINI;2015;16;L;2015G000336;1;2017;349.3;0;0;0;0;0;Non versata
410;Comune;RIMINI;2015;625;L;2015G001119;1;2017;360.86;0;0;0;0;0;Non versata
410;Comune;RIMINI;2015;48;L;2015G001443;1;2017;349.3;0;0;0;0;0;Non versata
410;Comune;RIMINI;2006;8;L;2015I002390;1;2017;349.3;349.3;0;0;0;0;Versata
410;Comune;RIMINI;2015;660;L;2015I003353;1;2017;4533.32;0;0;0;0;0;Non versata
410;Comune;RIMINI;2015;660;L;2015I003353;2;2017;1004.98;0;0;0;0;0;Non versata
410;Comune;RIMINI;2015;661;L;2015J003354;1;2017;8299.74;0;0;0;0;0;Non versata
410;Comune;RIMINI;2015;659;L;2015L003347;1;2017;3900.98;0;0;0;0;0;Non versata
410;Comune;RIMINI;2015;659;L;2015L003347;2;2017;544.84;0;0;0;0;0;Non versata
410;Comune;RIMINI;2015;588;L;2015P000795;1;2017;3473.95;0;0;0;0;0;Non versata
410;Comune;RIMINI;2015;610;L;2015Q000796;1;2017;7591.07;0;0;0;0;0;Non versata
410;Comune;RIMINI;2015;610;L;2015Q000796;2;2017;620.36;0;0;0;0;0;Non versata
410;Comune;RIMINI;2016;176;L;2016N003762;1;2017;8592.55;0;0;0;0;0;Non versata
410;Comune;RIMINI;2016;176;L;2016N003762;2;2017;565.92;0;0;0;0;0;Non versata
410;Comune;RIMINI;;;D;2016S008375;1;2017;349.3;349.3;0;0;0;0;Versata
410;Comune;RIMINI;2017;110;L;2017K008105;1;2017;349.3;349.3;0;0;0;0;Versata
410;Comune;RIMINI;2017;186;L;2017K011390;1;2017;349.3;349.3;0;0;0;0;Versata
410;Comune;RIMINI;2017;279;L;2017K014036;1;2017;9822.01;9822.01;0;0;0;0;Versata
410;Comune;RIMINI;2017;322;L;2017L016017;1;2017;349.3;0;0;0;0;0;Non versata
410;Comune;RIMINI;2017;89;L;2017M007108;1;2017;349.3;0;0;0;0;0;Non versata
410;Comune;RIMINI;2017;193;L;2017M016018;1;2017;509.5;0;0;0;0;0;Non versata
410;Comune;RIMINI;2017;197;L;2017N009800;1;2017;0;0;0;0;0;0;Versata
410;Comune;RIMINI;;;D;2017N013544;1;2017;349.3;349.3;0;0;0;0;Versata
410;Comune;RIMINI;2017;321;L;2017O012708;1;2017;361.12;361.12;0;0;0;0;Versata
410;Comune;RIMINI;;;D;2017O013545;1;2017;349.3;349.3;0;0;0;0;Versata
410;Comune;RIMINI;;;D;2017P013546;1;2017;802.75;802.75;0;0;0;0;Versata
410;Comune;RIMINI;2017;138;L;2017R009480;1;2017;349.3;349.3;0;0;0;0;Versata
410;Comune;RIMINI;2017;138;L;2017R009480;2;2017;349.3;349.3;0;0;0;0;Versata
410;Comune;RIMINI;2017;220;L;2017T016736;1;2017;349.3;0;0;0;0;0;Non versata
410;Comune;RIMINI;2017;389;L;2017T021695;1;2017;349.3;0;0;0;0;0;Non versata
410;Comune;RIMINI;2017;75;L;2017V006298;1;2017;7848.6;0;0;0;0;0;Non versata
410;Comune;RIMINI;2017;75;L;2017V006298;2;2017;493;0;0;0;0;0;Non versata
410;Comune;RIMINI;;;D;2017V009349;1;2017;349.3;349.3;0;0;0;0;Versata
410;Comune;RIMINI;2017;76;L;2017W006299;1;2017;1821;0;0;0;0;0;Non versata
410;Comune;RIMINI;2017;117;L;2017W008909;1;2017;349.3;349.3;0;0;0;0;Versata
410;Comune;RIMINI;2017;392;L;2017W022697;1;2017;1281.3;0;0;0;0;0;Non versata
